StateID,StateName,StateAbbreviation,Rate_Count,RiskGroup,0_0.5,0.5_4,5_9,10_14,15_19,20_24,25_29,30_34,35_39,40_44,45_49,50_54,55_59,60_64,65_69,70_74,75+
1,Alabama,AL,Rate,High,0.0,0.03477971019893181,0.05100169924871778,0.05741845533238173,0.11688640477860457,0.2067361029493396,0.21331046180140942,0.20948331063569492,0.19628811426447673,0.18819689701235834,0.4767523637921512,0.4779521871817905,0.4789278363099452,0.47966003384588074,0.6824865198243674,0.6828003300592199,0.6832050984745239
1,Alabama,AL,Rate,Low,1.0,0.9652202898010682,0.9489983007512822,0.9425815446676182,0.8831135952213954,0.7932638970506604,0.7866895381985906,0.7905166893643051,0.8037118857355232,0.8118031029876417,0.5232476362078489,0.5220478128182096,0.5210721636900548,0.5203399661541193,0.31751348017563263,0.3171996699407801,0.31679490152547607
1,Alabama,AL,Count,High,0.0,9174.696262072117,15942.825174953685,18364.37424277698,40311.666393640364,70439.74520520784,68203.88705638265,71445.33050885693,61947.7437094118,59395.1288939973,141750.87331686515,153727.10762858955,153102.21392805435,160393.0390576902,207810.3204213216,168264.53373748375,260566.90930210022
1,Alabama,AL,Count,Low,29310.499999999996,254619.8037379279,296651.1748250463,301469.625757223,304567.3336063596,270283.25479479216,251536.11294361734,269609.6694911431,253648.25629058818,256205.8711060027,155575.12668313488,167909.89237141047,166574.78607194565,173995.9609423098,96679.67957867838,78168.46626251626,120822.0906978998
1,Alabama,AL,Count,Total,29310.499999999996,263794.5,312594.0,319834.0,344879.0,340723.0,319740.0,341055.0,315596.0,315601.0,297326.0,321637.0,319677.0,334389.0,304490.0,246433.0,381389.0
10,Delaware,DE,Rate,High,0.0,0.031279193631275515,0.04602559532553369,0.0519328914151668,0.10772161548563586,0.19476279164543048,0.20494375358789704,0.2076658587054399,0.18911002837396218,0.1747468722188585,0.43743192154384614,0.43892756305578984,0.44345553636259144,0.45011246291167667,0.6650027631002828,0.6662507559518137,0.6642065646147882
10,Delaware,DE,Rate,Low,1.0,0.9687208063687245,0.9539744046744663,0.9480671085848332,0.8922783845143641,0.8052372083545696,0.7950562464121029,0.7923341412945601,0.8108899716260378,0.8252531277811415,0.5625680784561539,0.5610724369442102,0.5565444636374086,0.5498875370883234,0.33499723689971717,0.3337492440481863,0.3357934353852118
10,Delaware,DE,Count,High,0.0,1533.4280606602877,2678.3214431834567,3152.3265089006245,7059.966957313089,11715.176680264289,12235.756920458218,14104.042125697362,12253.195178462505,10820.850568408376,23992.266032836873,26754.82960606567,30100.874897219983,33983.9410622945,48594.41191079007,39368.09091843672,57888.92313900187
10,Delaware,DE,Count,Low,5447.1,47490.47193933972,55513.67855681654,57547.67349109938,58479.03304268691,48435.82331973571,47467.24307954178,53812.95787430264,52540.804821537495,51102.14943159162,30855.733967163127,34200.17039393433,37777.125102780024,41517.05893770551,24479.588089209934,19720.90908156328,29266.07686099813
10,Delaware,DE,Count,Total,5447.1,49023.9,58192.0,60700.0,65539.0,60151.0,59703.0,67917.0,64794.0,61923.0,54848.0,60955.0,67878.0,75501.0,73074.0,59089.0,87155.0
11,District of Columbia,DC,Rate,High,0.0,0.0217587768970378,0.0319598341713086,0.0362454876470488,0.0752435291791598,0.1290562102010465,0.1295461207974211,0.14014374364228,0.1394445724388687,0.1186094475678682,0.2802235415061841,0.2796783840057481,0.279509480243837,0.279509480243837,0.4517373721173093,0.4517373721173093,0.4517373721173093
11,District of Columbia,DC,Rate,Low,1.0,0.9782412231029622,0.9680401658286915,0.9637545123529512,0.9247564708208402,0.8709437897989535,0.8704538792025789,0.85985625635772,0.8605554275611313,0.8813905524321318,0.7197764584938159,0.7203216159942518,0.7204905197561631,0.7204905197561631,0.5482626278826908,0.5482626278826908,0.5482626278826908
11,District of Columbia,DC,Count,High,0.0,755.6257488141905,1198.2700625848734,1195.1949551614343,2839.0888429880574,6150.948034392077,9278.222717632096,10524.23457256066,8792.677515132866,6008.280175997932,10454.579886512716,9699.805714087357,8985.111751918384,8728.801558534786,12556.040258000612,10344.785821486383,17182.734423226095
11,District of Columbia,DC,Count,Low,3858.6,33971.774251185816,36294.729937415126,31779.805044838566,34892.91115701194,41510.05196560792,62342.777282367904,64571.76542743934,54262.32248486714,44647.719824002066,26853.420113487282,24982.194285912643,23160.888248081617,22500.198441465218,15238.95974199939,12555.21417851362,20854.26557677391
11,District of Columbia,DC,Count,Total,3858.6,34727.4,37493.0,32975.0,37732.0,47661.0,71621.0,75096.0,63055.0,50656.0,37308.0,34682.0,32146.0,31229.0,27795.0,22900.0,38037.0
12,Florida,FL,Rate,High,0.0,0.028288541273355852,0.041584240152731065,0.04692046678521232,0.10351816814856138,0.19174959277496328,0.20130574695105322,0.20297937532865357,0.18765232582243774,0.17401645017542947,0.4367122675631411,0.43971981116161646,0.44343207258494727,0.4485304635236811,0.6733464486404036,0.6758927824282756,0.679077653858555
12,Florida,FL,Rate,Low,1.0,0.9717114587266441,0.9584157598472689,0.9530795332147877,0.8964818318514386,0.8082504072250367,0.7986942530489468,0.7970206246713465,0.8123476741775623,0.8259835498245706,0.5632877324368589,0.5602801888383835,0.5565679274150528,0.5514695364763189,0.3266535513595964,0.32410721757172445,0.320922346141445
12,Florida,FL,Count,High,0.0,28635.935875609175,50452.32887074188,58369.342203604836,135800.72295836284,249657.2027946311,271393.1610325197,301703.2660247521,273044.2672972413,247015.48094177124,581793.3233948273,628609.8107225009,654996.1750076611,695308.3363107023,964421.9981515745,838770.1010306238,1523462.5019182442
12,Florida,FL,Count,Low,112475.6,983644.464124391,1162803.6711292581,1185636.6577963952,1176053.277041637,1052338.797205369,1076770.8389674802,1184670.733975248,1182009.7327027586,1172479.5190582287,750418.6766051727,800959.1892774991,822109.824992339,854883.6636892977,467860.0018484254,402210.89896937617,719966.4980817558
12,Florida,FL,Count,Total,112475.6,1012280.4000000001,1213256.0,1244006.0,1311854.0,1301996.0,1348164.0,1486374.0,1455054.0,1419495.0,1332212.0,1429569.0,1477106.0,1550192.0,1432282.0,1240981.0,2243429.0
13,Georgia,GA,Rate,High,0.0,0.031239651292012574,0.045898935430092935,0.0517510643814145,0.10251610265834564,0.18102823358395165,0.1885031108664799,0.18890423879336246,0.17491666297938566,0.1636782443946532,0.4065895292345583,0.40839670822059554,0.4122500017835627,0.41598285744738317,0.6349132344947019,0.6363367660200592,0.637594988899309
13,Georgia,GA,Rate,Low,1.0,0.9687603487079874,0.9541010645699071,0.9482489356185855,0.8974838973416543,0.8189717664160483,0.8114968891335201,0.8110957612066375,0.8250833370206143,0.8363217556053468,0.5934104707654417,0.5916032917794045,0.5877499982164374,0.5840171425526168,0.36508676550529806,0.3636632339799408,0.362405011100691
13,Georgia,GA,Count,High,0.0,17876.852964272646,31925.830719238882,37847.05416299548,79333.93133200862,135294.70887717078,139424.62942439405,148285.67155953607,129565.14518540545,120189.42589372704,277128.98358909955,294992.2934884841,282754.03122331,274384.7886694386,360717.7003061165,288074.10833464295,430614.44043789303
13,Georgia,GA,Count,Low,63583.19999999999,554371.9470357274,663642.1692807612,693481.9458370045,694534.0686679913,612073.2911228292,600216.370575606,636692.3284404639,611159.8548145945,614113.574106273,404465.0164109005,427325.7065115159,403125.9687766901,385221.2113305614,207419.2996938835,164632.89166535708,244758.559562107
13,Georgia,GA,Count,Total,63583.19999999999,572248.8,695568.0,731329.0,773868.0,747368.0,739641.0,784978.0,740725.0,734303.0,681594.0,722318.0,685880.0,659606.0,568137.0,452707.0,675373.0
15,Hawaii,HI,Rate,High,0.0,0.022543355766204327,0.03312516553257908,0.03737954725697054,0.08686054332095045,0.16552620316516575,0.1737631395255617,0.1748409067480409,0.16425735417470227,0.14884144007283606,0.37217351477461325,0.37141548424626153,0.3718750241090298,0.37333254339118743,0.597364199325048,0.598088641330038,0.5926442347383775
15,Hawaii,HI,Rate,Low,1.0,0.9774566442337956,0.966874834467421,0.9626204527430294,0.9131394566790496,0.8344737968348342,0.8262368604744383,0.8251590932519591,0.8357426458252977,0.8511585599271639,0.6278264852253868,0.6285845157537384,0.6281249758909702,0.6266674566088126,0.40263580067495197,0.40191135866996197,0.40735576526162254
15,Hawaii,HI,Count,High,0.0,1575.4424177211895,2791.6233252581023,3125.6777416278765,6768.868419915027,14161.097733186261,15398.889424755276,17004.15238578072,16074.553194244714,14105.256751382454,31033.31635596635,31793.90828244848,31862.623940685782,33762.70189412543,52145.713051681414,47000.19779027971,80972.38914806978
15,Hawaii,HI,Count,Low,7765.0,68309.55758227881,81483.3766747419,80494.32225837212,71159.13158008498,71390.90226681373,73221.11057524473,80250.84761421928,81787.44680575529,80661.74324861754,52350.68364403365,53808.09171755151,53818.376059314214,56673.29810587458,35147.286948318586,31583.802209720292,55656.61085193023
15,Hawaii,HI,Count,Total,7765.0,69885.0,84275.0,83620.0,77928.0,85552.0,88620.0,97255.0,97862.0,94767.0,83384.0,85602.0,85681.0,90436.0,87293.0,78584.0,136629.0
16,Idaho,ID,Rate,High,0.0,0.02860060656590456,0.04206562089319424,0.04734916029939647,0.09162972508478072,0.16679318918648633,0.17799883607625902,0.17635516632579423,0.16305506539509013,0.15401204759748682,0.3860618494797799,0.3874141999573161,0.390373057420419,0.3931444135768758,0.6150859278101498,0.6157864458983765,0.6155628989346599
16,Idaho,ID,Rate,Low,1.0,0.9713993934340954,0.9579343791068058,0.9526508397006035,0.9083702749152193,0.8332068108135137,0.822001163923741,0.8236448336742057,0.8369449346049098,0.8459879524025131,0.6139381505202202,0.6125858000426839,0.609626942579581,0.6068555864231242,0.3849140721898502,0.3842135541016235,0.3844371010653401
16,Idaho,ID,Count,High,0.0,2918.5403168357607,5422.55299247899,6470.6415481949225,13834.072633850023,21864.75237726731,22334.04795899645,22760.045055674353,20847.73149622004,19946.254296398118,44236.5109607911,42690.72035009649,42029.51522716941,46485.002316916216,69029.8635062775,57135.74538268086,83788.5751142891
16,Idaho,ID,Count,Low,11338.300000000001,99126.15968316422,123484.44700752101,130187.35845180508,137143.92736614996,109224.2476227327,103138.95204100356,106297.95494432564,107009.26850377995,109564.74570360187,70347.4890392089,67503.27964990352,65635.48477283059,71753.99768308378,43198.13649372251,35649.25461731914,52328.424885710905
16,Idaho,ID,Count,Total,11338.300000000001,102044.69999999998,128907.0,136658.0,150978.0,131089.0,125473.0,129058.0,127857.0,129511.0,114584.0,110194.0,107665.0,118239.0,112228.0,92785.0,136117.0
17,Illinois,IL,Rate,High,0.0,0.030045468099880006,0.04419835571110625,0.049839995925297434,0.09815277024599782,0.17108675837099585,0.18121156401834035,0.18792047879113083,0.17248445210420743,0.15791316984197498,0.3871034528205835,0.3875533657461637,0.38908858626541076,0.3911716380339437,0.611210899228899,0.6120576862357818,0.6130483944672708
17,Illinois,IL,Rate,Low,1.0,0.96995453190012,0.9558016442888937,0.9501600040747026,0.9018472297540022,0.8289132416290041,0.8187884359816596,0.8120795212088692,0.8275155478957925,0.842086830158025,0.6128965471794166,0.6124466342538363,0.6109114137345892,0.6088283619660563,0.38878910077110096,0.38794231376421817,0.3869516055327292
17,Illinois,IL,Count,High,0.0,17978.805501695657,33137.054219066245,38948.361935750334,81614.81368170916,139669.75475781315,149829.88899633623,162284.36707444477,144842.78374779556,131827.96705528867,295678.9077472294,305782.3184472834,303668.46712528873,314330.6638018319,439899.4859712248,350200.43427584105,559121.5924479573
17,Illinois,IL,Count,Low,66487.4,580407.7944983044,716597.9457809337,742519.6380642497,749893.1863182909,676698.2452421868,676993.1110036637,701295.6329255552,694901.2162522044,702985.0329447113,468145.0922527707,483224.6815527166,476792.53287471127,489231.3361981681,279818.5140287752,221968.56572415895,352913.4075520427
17,Illinois,IL,Count,Total,66487.4,598386.6,749735.0,781468.0,831508.0,816368.0,826823.0,863580.0,839744.0,834813.0,763824.0,789007.0,780461.0,803562.0,719718.0,572169.0,912035.0
18,Indiana,IN,Rate,High,0.0,0.03391340351281866,0.04974788798311869,0.056067414349904,0.11049662496880223,0.19248445665387276,0.2038008380984282,0.20103445504542797,0.18610782070588872,0.17720129558246656,0.4428614837342841,0.44428406934900927,0.4460366908726914,0.4473919644181003,0.6689798793904073,0.6691544326751407,0.6695599929606441
18,Indiana,IN,Rate,Low,1.0,0.9660865964871813,0.9502521120168813,0.943932585650096,0.8895033750311978,0.8075155433461272,0.7961991619015718,0.7989655449545721,0.8138921792941113,0.8227987044175334,0.5571385162657159,0.5557159306509907,0.5539633091273086,0.5526080355818996,0.33102012060959274,0.33084556732485926,0.33044000703935594
18,Indiana,IN,Count,High,0.0,12383.50303208819,21886.13558718122,25360.468926162925,52330.538605474925,91776.20396365323,90118.89639958207,92330.70244435407,80650.56853417969,77401.70311171697,177338.1239621055,185825.81056184726,183953.11393964276,193245.14293486098,261821.33131654124,208528.59585455412,318806.9732882529
18,Indiana,IN,Count,Low,40572.3,352767.19696791173,418054.8644128188,426960.5310738371,421263.4613945251,385021.79603634676,352072.10360041796,366947.2975556459,352703.4314658203,359399.29688828305,223098.87603789446,232433.1894381527,228463.88606035724,238691.857065139,129552.66868345875,103101.4041454459,157337.0267117471
18,Indiana,IN,Count,Total,40572.3,365150.69999999995,439941.0,452321.0,473594.0,476798.0,442191.0,459278.0,433354.0,436801.0,400437.0,418259.0,412417.0,431937.0,391374.0,311630.0,476144.0
19,Iowa,IA,Rate,High,0.0,0.03328342699947106,0.048925752545705144,0.055164792524837344,0.10344514664015805,0.17380695122810466,0.19048090750909727,0.1893314513092324,0.1747447536447828,0.16668345278567473,0.41253349731570116,0.41437685233820853,0.4170442707075518,0.42066059419592294,0.6471483799510703,0.646637274802266,0.648967334740547
19,Iowa,IA,Rate,Low,1.0,0.9667165730005289,0.9510742474542948,0.9448352074751627,0.896554853359842,0.8261930487718954,0.8095190924909027,0.8106685486907677,0.8252552463552172,0.8333165472143252,0.5874665026842989,0.5856231476617915,0.5829557292924482,0.5793394058040771,0.35285162004892967,0.35336272519773404,0.351032665259453
19,Iowa,IA,Count,High,0.0,5572.813927999136,9902.13198347781,11430.531164693972,23444.91147967206,39448.61610634046,37691.21909245511,38280.73680876239,34651.88464776043,34365.7941946337,74044.81236620057,75541.72893496009,78221.24045817912,87511.28539236044,123233.23025218256,100584.42809549248,162152.27619294255
19,Iowa,IA,Count,Low,18603.899999999998,161862.28607200083,192488.86801652217,195776.46883530603,203196.08852032793,187519.38389365954,160182.7809075449,163908.2631912376,163648.11535223958,171808.2058053663,105443.18763379945,106760.27106503991,109339.75954182088,120521.71460763956,67191.76974781744,54965.57190450753,87709.72380705744
19,Iowa,IA,Count,Total,18603.899999999998,167435.09999999998,202391.0,207207.0,226641.0,226968.0,197874.0,202189.0,198300.0,206174.0,179488.0,182302.0,187561.0,208033.0,190425.0,155550.0,249862.0
2,Alaska,AK,Rate,High,0.0,0.031639229635103065,0.04642302002658004,0.05232800555907327,0.09607476498688564,0.16190012697728376,0.1663876411747254,0.16680511628694863,0.15713943537535788,0.1478878456457877,0.36164203071671547,0.3619140579789236,0.36419916586656154,0.3651898402833118,0.5784015794430262,0.5786852880905922,0.5765502879461976
2,Alaska,AK,Rate,Low,1.0,0.968360770364897,0.95357697997342,0.9476719944409268,0.9039252350131144,0.8380998730227163,0.8336123588252746,0.8331948837130514,0.8428605646246421,0.8521121543542123,0.6383579692832846,0.6380859420210764,0.6358008341334385,0.6348101597166882,0.42159842055697383,0.42131471190940784,0.42344971205380244
2,Alaska,AK,Count,High,0.0,1291.0988797966872,2279.9273595453988,2603.5275885861315,4355.837694975421,7987.180864297317,8777.11445960794,9751.593903251303,8694.839238189303,7291.758117411208,14698.578696450184,14900.725595108242,14777.745354201601,15812.354894427119,22233.756713789928,17152.231939005153,20446.202861436002
2,Alaska,AK,Count,Low,4534.0999999999985,39515.801120203316,46832.0726404546,47150.47241141387,40982.16230502458,41346.81913570268,43973.88554039206,48709.406096748695,46637.160761810694,42014.24188258879,25945.421303549818,26271.274404891756,25798.2546457984,27486.645105572883,16206.243286210074,12487.768060994847,15016.797138563996
2,Alaska,AK,Count,Total,4534.0999999999985,40806.9,49112.0,49754.0,45338.0,49334.0,52751.0,58461.0,55332.0,49306.0,40644.0,41172.0,40576.0,43299.0,38440.0,29640.0,35463.0
20,Kansas,KS,Rate,High,0.0,0.03240641155838392,0.04761661900937085,0.05375454419422442,0.10283057072622395,0.17316135517007009,0.18827496877069563,0.1876553738340579,0.1728619692171722,0.16316385197928251,0.4034588921830319,0.4050658453103184,0.40768656163881056,0.4105547276405435,0.6345921392228436,0.6336354946800525,0.636089183681376
20,Kansas,KS,Rate,Low,1.0,0.967593588441616,0.9523833809906291,0.9462454558057756,0.8971694292737761,0.8268386448299299,0.8117250312293044,0.8123446261659422,0.8271380307828278,0.8368361480207175,0.5965411078169681,0.5949341546896816,0.5923134383611894,0.5894452723594565,0.36540786077715637,0.36636450531994746,0.363910816318624
20,Kansas,KS,Count,High,0.0,5103.659831200636,9103.96423825864,10824.713828023554,21653.341769533155,37380.34174056303,35285.17672222238,35511.71528898328,32773.93791569898,30982.0417053821,66612.27347609511,66597.68575916007,67262.16737197916,74936.09110786256,106671.7656426639,85231.57766040323,134079.3307606462
20,Kansas,KS,Count,Low,17498.8,152385.54016879934,182089.03576174137,190548.28617197645,188919.65823046686,178489.65825943695,152127.8232777776,153727.28471101672,156822.06208430103,158900.95829461789,98490.72652390489,97814.31424083993,97722.83262802084,107587.90889213745,61423.2343573361,49280.42233959677,76707.6692393538
20,Kansas,KS,Count,Total,17498.8,157489.19999999998,191193.0,201373.0,210573.0,215870.0,187413.0,189239.0,189596.0,189883.0,165103.0,164412.0,164985.0,182524.0,168095.0,134512.0,210787.0
21,Kentucky,KY,Rate,High,0.0,0.0,0.0,0.0,0.0,0.0,0.0,0.0,0.0,0.0,0.0,0.0,0.0,0.0,0.0,0.0,0.0
21,Kentucky,KY,Rate,Low,1.0,1.0,1.0,1.0,1.0,1.0,1.0,1.0,1.0,1.0,1.0,1.0,1.0,1.0,1.0,1.0,1.0
21,Kentucky,KY,Count,High,0.0,0.0,0.0,0.0,0.0,0.0,0.0,0.0,0.0,0.0,0.0,0.0,0.0,0.0,0.0,0.0,0.0
21,Kentucky,KY,Count,Low,26386.2,237475.8,282087.0,287377.0,294384.0,296611.0,291187.0,304068.0,279185.0,286815.0,270232.0,283950.0,284728.0,294911.0,267508.0,216819.0,322430.0
21,Kentucky,KY,Count,Total,26386.2,237475.8,282087.0,287377.0,294384.0,296611.0,291187.0,304068.0,279185.0,286815.0,270232.0,283950.0,284728.0,294911.0,267508.0,216819.0,322430.0
22,Louisiana,LA,Rate,High,0.0,0.03528200129055403,0.051863101955191455,0.05858638149949825,0.11956709374849517,0.21153487734235205,0.21689393938420504,0.21300733450545395,0.19984381110492436,0.19088246823215144,0.47999843747384674,0.48093261529191245,0.4821728672416214,0.4830993863372636,0.6904327733298514,0.6904118222138421,0.6909547106397411
22,Louisiana,LA,Rate,Low,1.0,0.964717998709446,0.9481368980448085,0.9414136185005018,0.8804329062515048,0.788465122657648,0.7831060606157949,0.786992665494546,0.8001561888950757,0.8091175317678485,0.5200015625261533,0.5190673847080876,0.5178271327583785,0.5169006136627363,0.3095672266701486,0.3095881777861579,0.3090452893602589
22,Louisiana,LA,Count,High,0.0,8872.869397154078,15478.95768334253,17490.26116009721,36742.370073443824,63451.15566810255,61869.429997223255,66731.78978320664,61111.238216830345,57598.212141646996,124795.75375570037,127134.05591980176,132458.19053281305,140722.02024618152,184189.51267229777,146372.13919209002,217563.67355797783
22,Louisiana,LA,Count,Low,27942.7,242611.43060284594,282979.04231665743,281047.7388399028,270552.6299265562,236504.84433189748,223382.57000277672,246552.21021679338,244683.76178316967,244148.787858353,135196.24624429963,137214.94408019824,142252.80946718692,150567.97975381845,82584.48732770221,65634.86080790998,97310.32644202215
22,Louisiana,LA,Count,Total,27942.7,251484.30000000002,298458.0,298538.0,307295.0,299956.0,285252.0,313284.0,305795.0,301747.0,259992.0,264349.0,274711.0,291290.0,266774.0,212007.0,314874.0
23,Maine,ME,Rate,High,0.0,0.028887316904129247,0.04246968533514038,0.04791114040151211,0.10226768859952919,0.18684536623366815,0.19604988188159256,0.1977259971718883,0.18418625785073045,0.1743263439224524,0.4469637809724502,0.44777596579990386,0.4489621726347601,0.4503704319150586,0.6611231194486179,0.6609081371574875,0.6602701107310011
23,Maine,ME,Rate,Low,1.0,0.9711126830958707,0.9575303146648596,0.9520888595984879,0.8977323114004708,0.8131546337663318,0.8039501181184074,0.8022740028281117,0.8158137421492695,0.8256736560775476,0.5530362190275497,0.5522240342000961,0.5510378273652399,0.5496295680849415,0.3388768805513821,0.33909186284251247,0.33972988926899894
23,Maine,ME,Count,High,0.0,1602.6827854995427,2900.8069174460934,3431.731253539108,8301.579622066782,14392.32487024699,15617.333590687664,17609.675034125543,16273.408439885587,14774.506300115685,34851.553857545834,39767.43129865526,43586.59460590042,49274.57858539464,68748.20982210342,57128.89937589322,86108.46622087277
23,Maine,ME,Count,Low,6164.5,53877.81721450046,65402.1930825539,68195.26874646089,72873.42037793322,62635.675129753006,64042.66640931234,71451.32496587446,72079.59156011441,69977.49369988432,43122.446142454166,49043.56870134474,53496.40539409958,60134.42141460536,35238.79017789657,29311.100624106777,44305.533779127225
23,Maine,ME,Count,Total,6164.5,55480.5,68303.0,71627.0,81175.0,77028.0,79660.0,89061.0,88353.0,84752.0,77974.0,88811.0,97083.0,109409.0,103987.0,86440.0,130414.0
24,Maryland,MD,Rate,High,0.0,0.031023026679514797,0.04536886583215138,0.0510486779780885,0.10021935689892798,0.17657126176572072,0.18915426066080995,0.19539070826579177,0.17947335307712073,0.16215474195851529,0.3983554378559455,0.3993020170177426,0.40068855738146647,0.40220478570703144,0.6302466821959457,0.6303601406727347,0.6285910663896123
24,Maryland,MD,Rate,Low,1.0,0.9689769733204852,0.9546311341678486,0.9489513220219115,0.899780643101072,0.8234287382342793,0.81084573933919,0.8046092917342083,0.8205266469228792,0.8378452580414847,0.6016445621440545,0.6006979829822574,0.5993114426185335,0.5977952142929686,0.3697533178040543,0.3696398593272653,0.37140893361038774
24,Maryland,MD,Count,High,0.0,9764.240156255843,17148.660013834073,19833.228173335032,39950.04136319207,64746.562834348595,71459.0749009621,82584.61831845262,77096.0093346326,67784.57385246639,147870.3352430027,158090.85597363062,164457.40942597695,163595.99217676363,218798.9591778733,173731.6672903904,278851.16873429506
24,Maryland,MD,Count,Low,34971.3,304977.4598437442,360834.3399861659,368682.771826665,358675.9586368079,301941.4371656514,306322.9250990379,340079.3816815474,352471.9906653674,350239.4261475336,223331.6647569973,237827.14402636938,245979.59057402305,243152.00782323637,128365.0408221267,101875.3327096096,164761.83126570494
24,Maryland,MD,Count,Total,34971.3,314741.7,377983.0,388516.0,398626.0,366688.0,377782.0,422664.0,429568.0,418024.0,371202.0,395918.0,410437.0,406748.0,347164.0,275607.0,443613.0
25,Massachusetts,MA,Rate,High,0.0,0.024519036318495512,0.03612304400022694,0.04075369257283329,0.08465321772151717,0.15131525172035262,0.16359015095415766,0.1795548056920289,0.16571435987429456,0.14676527876301257,0.3657822021116007,0.36756823300334185,0.3692376665975362,0.37131862277632766,0.589573397689177,0.5905953825462787,0.5892231334232755
25,Massachusetts,MA,Rate,Low,1.0,0.9754809636815045,0.9638769559997731,0.9592463074271667,0.9153467822784829,0.8486847482796473,0.8364098490458424,0.8204451943079711,0.8342856401257055,0.8532347212369874,0.6342177978883994,0.6324317669966582,0.6307623334024638,0.6286813772236723,0.41042660231082295,0.40940461745372125,0.4107768665767245
25,Massachusetts,MA,Count,High,0.0,7589.835817643072,13192.13566888288,15598.924122870243,38276.12169921943,72472.74244196633,78164.68284710417,88540.09067999068,79533.61273550843,65122.24919688765,148096.43486213643,162487.94821792332,173298.00644088764,175953.4139074134,246278.3684029161,197878.9829221307,318711.3820917831
25,Massachusetts,MA,Count,Low,34394.299999999996,301958.8641823569,352007.86433111713,367162.07587712974,413875.8783007806,406479.2575580337,399643.31715289585,404568.90932000935,400410.3872644916,378594.75080311234,256779.5651378636,279574.0517820767,296041.99355911236,297907.5860925866,171444.6315970839,137171.0170778693,222189.61790821687
25,Massachusetts,MA,Count,Total,34394.299999999996,309548.7,365200.0,382761.0,452152.0,478952.0,477808.0,493109.0,479944.0,443717.0,404876.0,442062.0,469340.0,473861.0,417723.0,335050.0,540901.0
26,Michigan,MI,Rate,High,0.0,0.03200527813431751,0.04702805754674349,0.05302163960460022,0.10672280024812032,0.1877670674338475,0.20296771363042887,0.20507567291282613,0.18697515829418557,0.17570967103127066,0.44038305561312524,0.4417731107722842,0.44350117930283484,0.44613614033161547,0.6596181833999665,0.6591155905632659,0.6587107816845466
26,Michigan,MI,Rate,Low,1.0,0.9679947218656825,0.9529719424532566,0.9469783603953997,0.8932771997518797,0.8122329325661525,0.7970322863695711,0.7949243270871739,0.8130248417058145,0.8242903289687293,0.5596169443868748,0.5582268892277158,0.5564988206971652,0.5538638596683845,0.3403818166000335,0.34088440943673415,0.34128921831545345
26,Michigan,MI,Count,High,0.0,15265.423089557256,27583.836873466927,32058.739062327455,69061.39126856114,125197.63531993394,129595.2910884561,139544.5619362242,114876.97633047272,107184.65642578542,249070.52744450452,277326.6044721876,287713.40705148666,307861.1511333749,422395.73839473614,338840.77925912593,508724.971538102
26,Michigan,MI,Count,Low,52996.2,461700.3769104427,558956.1631265332,572576.2609376726,578048.6087314389,541573.364680066,508906.7089115439,540909.4380637758,499520.02366952726,502825.3435742146,316506.4725554955,350431.3955278124,361018.59294851334,382199.84886662505,217968.26160526386,175243.22074087404,263579.028461898
26,Michigan,MI,Count,Total,52996.2,476965.8,586540.0,604635.0,647110.0,666771.0,638502.0,680454.0,614397.0,610010.0,565577.0,627758.0,648732.0,690061.0,640364.0,514084.0,772304.0
27,Minnesota,MN,Rate,High,0.0,0.029539280916075546,0.04349543838239666,0.04912219704238202,0.09290664211817405,0.16008380156101995,0.17422751765881334,0.1797080129636019,0.163156903073587,0.15024026633860096,0.3671151096192788,0.3680791762013452,0.3704100330599276,0.3740550303326853,0.5901226106134095,0.5906392530924078,0.5923232718281342
27,Minnesota,MN,Rate,Low,1.0,0.9704607190839245,0.9565045616176033,0.9508778029576179,0.907093357881826,0.83991619843898,0.8257724823411867,0.820291987036398,0.836843096926413,0.849759733661399,0.6328848903807212,0.6319208237986548,0.6295899669400724,0.6259449696673147,0.40987738938659046,0.40936074690759217,0.40767672817186584
27,Minnesota,MN,Count,High,0.0,8731.427428140021,15796.803798033967,18306.61478276972,35719.53797524802,57465.60241396246,62248.18173665849,68441.61702917481,64104.02090380618,58380.06221332089,120381.08271036732,122911.20699221041,128495.61087852194,141616.11231886366,197870.47182911867,158196.22690901742,248837.37578808647
27,Minnesota,MN,Count,Low,32843.00000000001,286855.5725718599,347386.196201966,354368.38521723024,348747.462024752,301506.3975860375,295032.81826334156,312407.3829708252,328793.9790961938,330197.93778667913,207529.91728963266,211014.7930077896,218405.38912147805,236980.88768113634,137433.52817088133,109642.77309098258,171266.62421191353
27,Minnesota,MN,Count,Total,32843.00000000001,295586.99999999994,363183.0,372675.0,384467.0,358972.0,357281.0,380849.0,392898.0,388578.0,327911.0,333926.0,346901.0,378597.0,335304.0,267839.0,420104.0
28,Mississippi,MS,Rate,High,0.0,0.035704803922494296,0.05232594337004583,0.05898287361244441,0.11932821209031283,0.20928545010755725,0.21468613575191878,0.20865496649759555,0.19869101391632113,0.19280028942386832,0.48881809125300113,0.48976248066094774,0.49209257159057407,0.49398221352254934,0.6877165483679817,0.6880115116796615,0.6882681538316938
28,Mississippi,MS,Rate,Low,1.0,0.9642951960775057,0.9476740566299542,0.9410171263875556,0.8806717879096871,0.7907145498924427,0.7853138642480813,0.7913450335024045,0.8013089860836788,0.8071997105761317,0.5111819087469989,0.5102375193390523,0.5079074284094259,0.5060177864774507,0.3122834516320183,0.31198848832033854,0.3117318461683062
28,Mississippi,MS,Count,High,0.0,5587.194832203676,9591.03146406918,11376.793610989116,25348.892094345156,42041.2612176061,39194.603745820554,40285.01438169077,35591.918704858435,35790.481727199796,83690.05658533507,88216.99754161123,87989.59644839578,92932.37984778368,117589.90173924771,94675.20008770317,143895.5346534384
28,Mississippi,MS,Count,Low,17386.999999999996,150895.80516779635,173702.96853593082,181506.20638901088,187081.10790565485,158838.7387823939,143372.39625417945,152784.98561830923,143540.08129514157,149844.5182728002,87518.94341466493,91905.00245838877,90817.40355160422,95196.62015221632,53396.09826075228,42931.799912296825,65173.46534656161
28,Mississippi,MS,Count,Total,17386.999999999996,156483.00000000003,183294.0,192883.0,212430.0,200880.0,182567.0,193070.0,179132.0,185635.0,171209.0,180122.0,178807.0,188129.0,170986.0,137607.0,209069.0
29,Missouri,MO,Rate,High,0.0,0.032367951474750196,0.047494285576661924,0.05357394560839691,0.10707315547592283,0.18672113372572235,0.19653180498897263,0.19594796139595388,0.18251336522520067,0.1735731100844044,0.4360467887321503,0.4375921447046218,0.43944271154975656,0.4409962726771675,0.6627565401553553,0.6628401271816361,0.6635005752630787
29,Missouri,MO,Rate,Low,1.0,0.9676320485252498,0.9525057144233381,0.9464260543916031,0.8929268445240772,0.8132788662742776,0.8034681950110274,0.8040520386040462,0.8174866347747993,0.8264268899155955,0.5639532112678497,0.5624078552953782,0.5605572884502434,0.5590037273228325,0.33724345984464466,0.3371598728183639,0.3364994247369213
29,Missouri,MO,Count,High,0.0,10240.096678694787,18082.356864745765,20959.84188826434,43791.95693125315,75815.87569572486,77683.71615340617,81787.50339890277,73221.44191450691,69089.3878842165,153569.13828963236,160889.5038435483,164769.04469558122,182721.51362851224,246481.14555339713,196149.63895597128,311041.7711770034
29,Missouri,MO,Count,Low,35151.7,306125.2033213051,362644.6431352542,370272.15811173565,365199.04306874686,330222.12430427514,317589.2838465938,335606.4966010972,327962.5580854931,328952.6121157835,198615.86171036764,206780.4961564517,210180.95530441878,231616.4863714878,125421.85444660288,99773.3610440287,157747.2288229966
29,Missouri,MO,Count,Total,35151.7,316365.29999999993,380727.0,391232.0,408991.0,406038.0,395273.0,417394.0,401184.0,398042.0,352185.0,367670.0,374950.0,414338.0,371903.0,295923.0,468789.0
30,Montana,MT,Rate,High,0.0,0.028076696515605487,0.041344323032939535,0.04653791185871066,0.09521722179347124,0.16262775317258768,0.1734174321211793,0.17396222453822224,0.1643577110978515,0.15714762851762484,0.3997402865076822,0.40281907549474805,0.4075355571174792,0.4108582607683669,0.6297485968289971,0.629939947683656,0.6317785520344495
30,Montana,MT,Rate,Low,1.0,0.9719233034843945,0.9586556769670604,0.9534620881412893,0.9047827782065287,0.8373722468274123,0.8265825678788207,0.8260377754617778,0.8356422889021485,0.8428523714823751,0.6002597134923178,0.597180924505252,0.5924644428825208,0.5891417392316332,0.3702514031710029,0.370060052316344,0.36822144796555045
30,Montana,MT,Count,High,0.0,1454.8389526705232,2731.1646352329526,3184.4031568441355,6723.002379171624,12200.659298513872,12512.241144975207,13220.433216006737,12087.194789558194,11595.609213058502,25307.957279087866,25285.759006956323,26302.752391919224,31652.10955133422,48022.73874838883,40541.675153024735,57724.97452083562
30,Montana,MT,Count,Low,5757.4,50361.76104732948,63327.835364767045,65241.596843155865,63883.99762082838,62821.34070148612,59638.75885502479,62775.566783993265,61454.80521044181,62192.3907869415,38003.04272091213,37486.24099304368,38238.247608080776,45386.890448665785,28234.26125161117,23816.324846975265,33644.02547916438
30,Montana,MT,Count,Total,5757.4,51816.6,66059.0,68426.0,70607.0,75022.0,72151.0,75996.0,73542.0,73788.0,63311.0,62772.0,64541.0,77039.0,76257.0,64358.0,91369.0
31,Nebraska,NE,Rate,High,0.0,0.03325957274962383,0.04886783429754465,0.05506483320457902,0.10134729662314573,0.17045883877841694,0.18703692248322065,0.18573234915101217,0.16974118798870447,0.1588694474188167,0.386944845808526,0.3881115735380077,0.3906289388430612,0.3946913812911759,0.6155148215892168,0.6155868094316462,0.6206717037469782
31,Nebraska,NE,Rate,Low,1.0,0.9667404272503761,0.9511321657024554,0.944935166795421,0.8986527033768543,0.8295411612215831,0.8129630775167793,0.8142676508489879,0.8302588120112955,0.8411305525811833,0.6130551541914739,0.6118884264619924,0.6093710611569387,0.6053086187088241,0.3844851784107832,0.38441319056835377,0.3793282962530218
31,Nebraska,NE,Count,High,0.0,3701.56095598116,6589.534248018111,7523.232836575608,14305.779002136758,23789.576457593426,23508.48374999352,23567.392051422783,22006.605540359556,20650.962861629727,42970.225127036814,42518.39910423582,42598.47640977467,47805.414793368516,67967.60865916767,55615.190298102076,86134.9570308944
31,Nebraska,NE,Count,Low,12365.899999999998,107591.53904401883,128254.4657519819,129101.76716342439,126850.22099786325,115772.42354240657,102180.51625000648,103321.60794857722,107641.39445964043,109336.03713837027,68079.77487296319,67033.60089576419,66452.52359022532,73315.58520663148,42456.39134083233,34729.809701897924,52642.042969105605
31,Nebraska,NE,Count,Total,12365.899999999998,111293.1,134844.0,136625.0,141156.0,139562.0,125689.0,126889.0,129648.0,129987.0,111050.0,109552.0,109051.0,121121.0,110424.0,90345.0,138777.0
32,Nevada,NV,Rate,High,0.0,0.027647054927280045,0.040641945960674705,0.04584325464440799,0.09844914317571,0.18249956280262875,0.1868779478797,0.18511999434798138,0.1722655274013292,0.16009497256140837,0.39892427052866836,0.39933473466811764,0.4004805104569222,0.40254377125618507,0.630585707053412,0.6309910313444844,0.6312478639469316
32,Nevada,NV,Rate,Low,1.0,0.97235294507272,0.9593580540393253,0.954156745355592,0.90155085682429,0.8175004371973713,0.8131220521203,0.8148800056520187,0.8277344725986708,0.8399050274385916,0.6010757294713316,0.6006652653318824,0.5995194895430778,0.597456228743815,0.369414292946588,0.3690089686555156,0.36875213605306845
32,Nevada,NV,Count,High,0.0,4265.829987059602,7733.959106586593,9074.993159643072,19272.108920647464,33742.52666614083,40525.04363155658,44664.826636309204,39327.186312559046,34873.487873051585,77670.95439620226,81570.90824645238,79090.89601013756,79468.98369008228,113922.87500768351,94753.39921287585,141955.65089224992
32,Nevada,NV,Count,Low,17144.0,150030.1700129404,182561.04089341342,188882.00684035695,176484.89107935256,151148.47333385918,176327.9563684434,196610.17336369082,188966.81368744097,182956.51212694842,117030.04560379773,122696.09175354762,118399.10398986243,117948.01630991773,66739.12499231649,55412.60078712415,82925.34910775008
32,Nevada,NV,Count,Total,17144.0,154296.0,190295.0,197957.0,195757.0,184891.0,216853.0,241275.0,228294.0,217830.0,194701.0,204267.0,197490.0,197417.0,180662.0,150166.0,224881.0
33,New Hampshire,NH,Rate,High,0.0,0.0281358354090562,0.04129473960198244,0.046514753847843066,0.09175633537266432,0.1612177468350929,0.17619245794685348,0.18266172602335354,0.16625659313702595,0.15395996097922296,0.38758727250716346,0.38815725931954015,0.38902325809598576,0.3905221024387729,0.6186702071423253,0.6195114203435249,0.6184511311375411
33,New Hampshire,NH,Rate,Low,1.0,0.9718641645909438,0.9587052603980175,0.9534852461521569,0.9082436646273356,0.8387822531649071,0.8238075420531465,0.8173382739766465,0.8337434068629741,0.8460400390207771,0.6124127274928366,0.6118427406804599,0.6109767419040142,0.6094778975612272,0.38132979285767465,0.3804885796564751,0.38154886886245887
33,New Hampshire,NH,Count,High,0.0,1584.793133168204,2799.1226291807775,3405.1125554313517,7628.713479218684,13730.754280198027,15006.487835791459,17055.490682252566,15140.65542380268,13174.04594107015,30073.28406110332,35709.69154287905,39677.26013972578,43693.174909259666,61010.16247734041,47600.15998209474,71787.33349792122
33,New Hampshire,NH,Count,Low,6258.5,54741.70686683179,64984.87737081922,69799.88744456865,75512.28652078132,71438.24571980197,70164.51216420854,76316.50931774743,75927.34457619733,72393.95405892986,47517.71593889668,56288.30845712095,62314.73986027422,68190.82509074034,37604.83752265959,29234.840017905262,44288.66650207878
33,New Hampshire,NH,Count,Total,6258.5,56326.49999999999,67784.0,73205.0,83141.0,85169.0,85171.0,93372.0,91068.0,85568.0,77591.0,91998.0,101992.0,111884.0,98615.0,76835.0,116076.0
34,New Jersey,NJ,Rate,High,0.0,0.025540265570729383,0.03748914601618813,0.04226642163721827,0.08675747586019035,0.15760953670597022,0.17179069188771723,0.1831040446928989,0.16479290737209176,0.14577156885790238,0.3592697614625615,0.3600123022690394,0.3610066468226187,0.3625113874444058,0.5808376969660146,0.5820325251048287,0.5817945116089245
34,New Jersey,NJ,Rate,Low,1.0,0.9744597344292706,0.9625108539838119,0.9577335783627817,0.9132425241398097,0.8423904632940298,0.8282093081122828,0.8168959553071011,0.8352070926279083,0.8542284311420976,0.6407302385374385,0.6399876977309606,0.6389933531773813,0.6374886125555942,0.4191623030339854,0.4179674748951713,0.4182054883910755
34,New Jersey,NJ,Count,High,0.0,11931.467084818654,20732.547443040487,24186.748449789968,50826.2599303615,87057.36130444641,98214.45645912681,113297.45869417812,102022.7945753399,89584.6464994682,207214.2239699543,219730.98860379233,226173.913294192,225558.5728931712,310280.5935307602,241743.71710714,406560.9136848745
34,New Jersey,NJ,Count,Low,51907.0,455231.5329151814,532295.4525569595,548058.25155021,535016.7400696385,465303.6386955536,473495.54354087316,505462.5413058219,517074.2054246601,524970.3535005318,369550.7760300457,390612.01139620773,400335.08670580795,396652.42710682884,223914.40646923982,173600.28289286,292244.0863151255
34,New Jersey,NJ,Count,Total,51907.0,467163.0000000001,553028.0,572245.0,585843.0,552361.0,571710.0,618760.0,619097.0,614555.0,576765.0,610343.0,626509.0,622211.0,534195.0,415344.0,698805.0
35,New Mexico,NM,Rate,High,0.0,0.030557607435576974,0.04488559965953547,0.050531789525675656,0.10470402541075335,0.18451370900371344,0.18985534112072097,0.18607027903559295,0.1757025081551627,0.16737677909470938,0.4180740566755673,0.4187185508537774,0.4201376340155302,0.42178612917004793,0.6498110392360811,0.6507150979521732,0.6507587359607151
35,New Mexico,NM,Rate,Low,1.0,0.969442392564423,0.9551144003404646,0.9494682104743244,0.8952959745892466,0.8154862909962866,0.810144658879279,0.8139297209644071,0.8242974918448374,0.8326232209052906,0.5819259433244327,0.5812814491462226,0.5798623659844697,0.578213870829952,0.3501889607639189,0.3492849020478268,0.3492412640392849
35,New Mexico,NM,Count,High,0.0,2951.525688834201,5521.467385318778,6761.860883588763,15125.857622913662,26409.81619711951,25517.507123330503,26528.22575238352,24488.009966601334,22387.815841371044,48938.0767782152,49629.872395596525,50865.64321262623,57919.67125763098,85234.41439451829,74406.66859043919,112605.33939443425
35,New Mexico,NM,Count,Low,10732.099999999999,93637.37431116581,117490.53261468123,127052.13911641124,129337.14237708633,116722.18380288049,108887.4928766695,116042.77424761649,114883.99003339867,111369.18415862895,68117.92322178479,68898.12760440347,70203.35678737376,79400.328742369,45933.58560548172,39939.33140956081,60431.66060556574
35,New Mexico,NM,Count,Total,10732.099999999999,96588.90000000001,123012.0,133814.0,144463.0,143132.0,134405.0,142571.0,139372.0,133757.0,117056.0,118528.0,121069.0,137320.0,131168.0,114346.0,173037.0
36,New York,NY,Rate,High,0.0,0.025628026443481725,0.03776398272570998,0.04272096898375349,0.09091549164277639,0.16521198753699462,0.17304764362794423,0.18282758772054755,0.171309687877506,0.15416033541528149,0.3807428491608237,0.3815297118989141,0.382783450229775,0.38404508078143335,0.6076109098984225,0.6065198727316721,0.6043694485531921
36,New York,NY,Rate,Low,1.0,0.9743719735565183,0.96223601727429,0.9572790310162465,0.9090845083572237,0.8347880124630054,0.8269523563720558,0.8171724122794525,0.828690312122494,0.8458396645847185,0.6192571508391763,0.618470288101086,0.617216549770225,0.6159549192185667,0.3923890901015775,0.39348012726832793,0.3956305514468079
36,New York,NY,Count,High,0.0,23960.52352612072,41540.380998280976,47868.58942048188,108944.12455103059,205462.9144846077,230646.55180950547,256588.28102087614,224966.62307574693,189986.88904512208,433197.79148971033,467146.1238381661,493022.7871952488,500716.82418759045,699604.4168788635,562057.1139014587,940403.0925349067
36,New York,NY,Count,Low,103881.6,910973.8764738793,1058459.619001719,1072625.410579518,1089356.8754489694,1038169.0855153924,1102203.4481904944,1146855.718979124,1088249.376924253,1042411.1109548779,704572.2085102897,757256.876161834,794971.2128047511,803080.1758124096,451797.5831211366,364634.8860985413,615603.9074650933
36,New York,NY,Count,Total,103881.6,934934.4,1100000.0,1120494.0,1198301.0,1243632.0,1332850.0,1403444.0,1313216.0,1232398.0,1137770.0,1224403.0,1287994.0,1303797.0,1151402.0,926692.0,1556007.0
37,North Carolina,NC,Rate,High,0.0,0.031013168635898897,0.045473483469424474,0.05128931904174934,0.10283504091631072,0.1817843184746181,0.19003344996503846,0.19112444595937966,0.17623788707079913,0.16481980319234574,0.4137905799815868,0.41747004919826686,0.4223101478985391,0.4270450575225125,0.6417832964199772,0.6435261830193902,0.644684371583105
37,North Carolina,NC,Rate,Low,1.0,0.9689868313641011,0.9545265165305755,0.9487106809582506,0.8971649590836893,0.8182156815253819,0.8099665500349615,0.8088755540406203,0.8237621129292009,0.8351801968076542,0.5862094200184131,0.5825299508017332,0.5776898521014608,0.5729549424774876,0.3582167035800228,0.35647381698060976,0.355315628416895
37,North Carolina,NC,Count,High,0.0,16927.28206657566,29057.55593696224,33981.738331111024,74419.04540007024,132181.37684540448,134140.24156097145,143695.76794788384,123321.58028835633,112799.87136818716,269077.25560694636,293469.75542500406,288792.9938490849,294342.5140776218,399323.3430821776,329002.76106866327,499649.7285080539
37,North Carolina,NC,Count,Low,60645.5,528882.2179334244,609942.4440630378,628568.261668889,649254.9545999297,594951.6231545955,571736.7584390285,608148.2320521161,576423.4197116437,571583.1286318128,381196.7443930536,409502.244574996,395048.0061509151,394911.4859223782,222885.6569178224,182247.23893133673,275380.2714919461
37,North Carolina,NC,Count,Total,60645.5,545809.5,639000.0,662550.0,723674.0,727133.0,705877.0,751844.0,699745.0,684383.0,650274.0,702972.0,683841.0,689254.0,622209.0,511250.0,775030.0
38,North Dakota,ND,Rate,High,0.0,0.032378052389883574,0.04767272291044937,0.05380260425577866,0.09709634830329798,0.15761426387737393,0.17428214887459093,0.17395899574921686,0.16037337247933992,0.152960934503822,0.377458813368664,0.3797366226430295,0.38506314526038005,0.38931670025486836,0.6010075446909746,0.6005796280919535,0.604215233496933
38,North Dakota,ND,Rate,Low,1.0,0.9676219476101164,0.9523272770895507,0.9461973957442213,0.9029036516967021,0.8423857361226261,0.8257178511254091,0.8260410042507831,0.8396266275206601,0.847039065496178,0.622541186631336,0.6202633773569706,0.6149368547396199,0.6106832997451317,0.3989924553090254,0.39942037190804647,0.39578476650306704
38,North Dakota,ND,Count,High,0.0,1436.8181662691904,2544.6746035139663,2755.016153521402,5412.441743470739,9877.055460139514,9344.311694060067,9723.785985393975,8511.335624223528,7577.072851581327,15147.422180484486,14812.386439436652,15632.02344499039,18086.096627040166,26141.424163878633,20437.124164341087,33709.772092027386
38,North Dakota,ND,Count,Low,4930.7,42939.48183373081,50833.325396486034,48450.9838464786,50330.558256529264,52788.94453986049,44271.68830593993,46173.21401460602,44560.66437577647,41958.927148418676,24982.57781951551,24194.61356056335,24963.97655500961,28369.903372959838,17354.575836121367,13591.875835658913,22081.227907972614
38,North Dakota,ND,Count,Total,4930.7,44376.3,53378.0,51206.0,55743.0,62666.0,53616.0,55897.0,53072.0,49536.0,40130.0,39007.0,40596.0,46456.0,43496.0,34029.0,55791.0
39,Ohio,OH,Rate,High,0.0,0.03264801239977222,0.047964409818993255,0.05414371423947037,0.11061732837976246,0.19767928215635955,0.20671264889195118,0.20733174900482124,0.19046236573017744,0.17975865206040487,0.45152713284276,0.45286746701149805,0.45421601732065653,0.455638054689176,0.6750495444845468,0.675328358395894,0.6760610044627269
39,Ohio,OH,Rate,Low,1.0,0.9673519876002278,0.9520355901810067,0.9458562857605296,0.8893826716202375,0.8023207178436405,0.7932873511080488,0.7926682509951788,0.8095376342698226,0.8202413479395951,0.54847286715724,0.547132532988502,0.5457839826793435,0.5443619453108239,0.3249504555154532,0.324671641604106,0.3239389955372731
39,Ohio,OH,Count,High,0.0,19354.515508478846,34394.89456592151,39684.63535181981,84962.18326062929,147519.5480641584,155615.55592499865,165751.78140540235,142865.2491471089,132040.99883636215,302372.3689422797,329469.23386527103,334078.1518194295,357368.317244088,492279.8803153557,394776.02313912933,605163.1629857252
39,Ohio,OH,Count,Low,65869.29999999999,573469.1844915211,682697.1054340785,693265.3646481802,683110.8167393707,598737.4519358416,597195.4440750013,633700.2185945977,607231.7508528911,602505.0011636378,367293.6310577203,398048.76613472897,401426.8481805705,426956.68275591196,236970.11968464425,189792.97686087064,289967.83701427485
39,Ohio,OH,Count,Total,65869.29999999999,592823.7,717092.0,732950.0,768073.0,746257.0,752811.0,799452.0,750097.0,734546.0,669666.0,727518.0,735505.0,784325.0,729250.0,584569.0,895131.0
4,Arizona,AZ,Rate,High,0.0,0.02765395207454287,0.04060123884258397,0.045794126658781485,0.09823623194870675,0.1808700668334419,0.18950702065396752,0.18737851106801734,0.17148593938993592,0.1590825974974868,0.39580018181210663,0.39667097208144697,0.3999376099116543,0.4048558496263832,0.6274173695590831,0.6294153976154025,0.629313122428676
4,Arizona,AZ,Rate,Low,1.0,0.9723460479254571,0.9593987611574161,0.9542058733412185,0.9017637680512932,0.8191299331665581,0.8104929793460325,0.8126214889319827,0.828514060610064,0.8409174025025132,0.6041998181878934,0.603329027918553,0.6000623900883457,0.5951441503736168,0.3725826304409169,0.37058460238459745,0.370686877571324
4,Arizona,AZ,Count,High,0.0,9794.418672462236,17702.09953412777,20886.19743367699,48792.56110167536,91362.53511944284,96290.41226448743,97234.26958490448,82132.33324111286,73962.59021970152,167311.46545506828,173024.30798317844,170684.9732204859,183318.32385497668,269709.78690447175,236070.42727582573,396204.8435580131
4,Arizona,AZ,Count,Low,39353.1,344383.48132753774,418296.90046587226,435202.802566323,447893.4388983246,413765.46488055715,411819.5877355126,421684.7304150955,396812.6667588871,390969.4097802985,255405.53454493172,263166.6920168216,256094.0267795141,269480.6761450233,160163.21309552828,138992.57272417427,233378.15644198688
4,Arizona,AZ,Count,Total,39353.1,354177.89999999997,435999.0,456089.0,496686.0,505128.0,508110.0,518919.0,478945.0,464932.0,422717.0,436191.0,426779.0,452799.0,429873.0,375063.0,629583.0
40,Oklahoma,OK,Rate,High,0.0,0.034282929534388565,0.05037644467577726,0.0568225302323141,0.11272275936280551,0.19511525390757903,0.2013940509168596,0.197772680900854,0.1852737353413896,0.17769386895355604,0.44430020712535273,0.44603259101901216,0.44829561081319336,0.44911994916532605,0.6652400677296462,0.665612026930721,0.6662229747550066
40,Oklahoma,OK,Rate,Low,1.0,0.9657170704656114,0.9496235553242227,0.9431774697676859,0.8872772406371945,0.804884746092421,0.7986059490831404,0.802227319099146,0.8147262646586104,0.8223061310464439,0.5556997928746472,0.5539674089809878,0.5517043891868066,0.550880050834674,0.33475993227035383,0.33438797306927903,0.3337770252449934
40,Oklahoma,OK,Count,High,0.0,7537.078060084652,13606.728083372114,15803.482108211198,32186.743985696125,55866.76530559538,53957.29272759411,55211.21046368691,49790.2783619097,47414.58813448422,102537.3790012174,103625.41377367404,100768.78398981123,110156.99729162702,147345.35308157478,117378.68411315184,183743.63021445606
40,Oklahoma,OK,Count,Low,24427.7,212312.22193991533,256494.27191662788,262316.5178917888,253352.2560143039,230460.23469440461,213961.7072724059,223953.7895363131,218948.7216380903,219418.41186551575,128246.62099878259,128701.58622632596,124013.21601018877,135116.00270837298,74146.6469184252,58968.31588684815,92055.36978554394
40,Oklahoma,OK,Count,Total,24427.7,219849.3,270101.0,278120.0,285539.0,286327.0,267919.0,279165.0,268739.0,266833.0,230784.0,232327.0,224782.0,245273.0,221492.0,176347.0,275799.0
41,Oregon,OR,Rate,High,0.0,0.02995487594501045,0.04407391774776973,0.049614376526338454,0.09920409525730486,0.17475687141043242,0.18164510596305217,0.18377879883600456,0.17239823521495137,0.16143950323594095,0.4013567098931155,0.40337836900205054,0.40841393063939535,0.41441074691423463,0.6327414553958236,0.6336629818662509,0.6345389718252071
41,Oregon,OR,Rate,Low,1.0,0.9700451240549895,0.9559260822522303,0.9503856234736615,0.9007959047426951,0.8252431285895676,0.8183548940369478,0.8162212011639954,0.8276017647850487,0.8385604967640591,0.5986432901068846,0.5966216309979495,0.5915860693606046,0.5855892530857654,0.3672585446041764,0.3663370181337491,0.36546102817479287
41,Oregon,OR,Count,High,0.0,5454.74696373527,10142.289952116771,12063.834881132248,25298.13553566057,45259.05882848802,50585.43733412058,57138.115009705674,51805.842080328104,47775.27651112171,105504.63832960327,105051.42526083502,99750.61000543529,108211.76305573877,164550.1101487825,146302.0102422256,214684.83941556598
41,Oregon,OR,Count,Low,20233.200000000004,176644.05303626476,219977.71004788324,231088.16511886774,229712.86446433942,213723.94117151198,227899.5626658794,253768.88499029432,248695.1579196719,248157.72348887828,157365.36167039676,155377.574739165,144488.38999456473,152910.2369442612,95508.88985121751,84580.98975777438,123647.16058443402
41,Oregon,OR,Count,Total,20233.200000000004,182098.80000000002,230120.0,243152.0,255011.0,258983.0,278485.0,310907.0,300501.0,295933.0,262870.0,260429.0,244239.0,261122.0,260059.0,230883.0,338332.0
42,Pennsylvania,PA,Rate,High,0.0,0.0,0.0,0.0,0.0,0.0,0.0,0.0,0.0,0.0,0.0,0.0,0.0,0.0,0.0,0.0,0.0
42,Pennsylvania,PA,Rate,Low,1.0,1.0,1.0,1.0,1.0,1.0,1.0,1.0,1.0,1.0,1.0,1.0,1.0,1.0,1.0,1.0,1.0
42,Pennsylvania,PA,Count,High,0.0,0.0,0.0,0.0,0.0,0.0,0.0,0.0,0.0,0.0,0.0,0.0,0.0,0.0,0.0,0.0,0.0
42,Pennsylvania,PA,Count,Low,66590.7,599316.3,726342.0,753881.0,842623.0,804446.0,790508.0,872656.0,847760.0,801396.0,724137.0,798943.0,843283.0,894127.0,834971.0,672395.0,1088308.0
42,Pennsylvania,PA,Count,Total,66590.7,599316.3,726342.0,753881.0,842623.0,804446.0,790508.0,872656.0,847760.0,801396.0,724137.0,798943.0,843283.0,894127.0,834971.0,672395.0,1088308.0
44,Rhode Island,RI,Rate,High,0.0,0.028317420247781253,0.04146747979396029,0.0465634226807692,0.09484436168603212,0.16899687826338927,0.18181185173798495,0.1869381246588153,0.17270903312759542,0.15897368994973002,0.3958726601003812,0.39587879711453844,0.39618148655600527,0.396205402294894,0.6290269725634047,0.629342588365886,0.629522885146567
44,Rhode Island,RI,Rate,Low,1.0,0.9716825797522187,0.9585325202060397,0.9534365773192308,0.9051556383139678,0.8310031217366107,0.818188148262015,0.8130618753411847,0.8272909668724046,0.84102631005027,0.6041273398996188,0.6041212028854616,0.6038185134439947,0.603794597705106,0.3709730274365953,0.37065741163411403,0.37047711485343304
44,Rhode Island,RI,Count,High,0.0,1330.6072600229934,2336.651018909868,2672.5542081854287,6865.309120643436,12557.989026874193,12954.094436331428,14828.492862311205,12705.85814913094,10879.682419089673,23944.753718831656,26791.09759472639,29613.773757088282,30221.755676249923,43566.408119741405,34046.1753454177,55517.62324107574
44,Rhode Island,RI,Count,Low,5221.000000000001,45658.392739977004,54012.34898109013,54723.44579181457,65519.69087935656,61751.010973125805,58295.90556366857,64494.50713768879,60862.141850869055,57557.31758091033,36541.24628116834,40883.90240527361,45134.22624291172,46056.24432375008,25693.59188025859,20051.824654582302,32672.37675892426
44,Rhode Island,RI,Count,Total,5221.000000000001,46989.0,56349.0,57396.0,72385.0,74309.0,71250.0,79323.0,73568.0,68437.0,60486.0,67675.0,74748.0,76278.0,69260.0,54098.0,88190.0
45,South Carolina,SC,Rate,High,0.0,0.031649088783438986,0.046570196927886234,0.052580421747460374,0.10922719292260417,0.1959166070601928,0.20336276624953922,0.20274166984008593,0.18769377989531663,0.1773233120615653,0.44806333162981393,0.4502362263721184,0.45287943635521827,0.4549874925333643,0.6730178239406284,0.6738140541002214,0.6738385647147873
45,South Carolina,SC,Rate,Low,1.0,0.968350911216561,0.9534298030721138,0.9474195782525396,0.8907728070773958,0.8040833929398072,0.7966372337504608,0.7972583301599141,0.8123062201046833,0.8226766879384347,0.5519366683701861,0.5497637736278815,0.5471205636447818,0.5450125074666357,0.32698217605937163,0.32618594589977856,0.3261614352852127
45,South Carolina,SC,Count,High,0.0,8306.32867048459,14583.177746786007,17241.278032257498,38775.762714717406,67269.14253375956,67159.74010284533,72832.91747335247,63510.88277207776,59069.232420700384,137733.3239530099,150324.8712611229,154905.14680812063,163936.08844720395,227272.06198433472,190094.39950059218,281747.402194241
45,South Carolina,SC,Count,Low,29161.200000000008,254144.47132951545,298560.822253214,310661.7219677425,316225.2372852826,276086.8574662405,263086.2598971547,286407.08252664754,274864.11722792225,274046.76757929963,169663.6760469901,183555.1287388771,187139.85319187937,196372.91155279602,110418.93801566526,92022.60049940782,136375.597805759
45,South Carolina,SC,Count,Total,29161.200000000008,262450.80000000005,313144.0,327903.0,355001.0,343356.0,330246.0,359240.0,338375.0,333116.0,307397.0,333880.0,342045.0,360309.0,337691.0,282117.0,418123.0
46,South Dakota,SD,Rate,High,0.0,0.03207415849866116,0.047078345313686265,0.05299087923371676,0.10448032924107675,0.17902510372496058,0.19371985164469335,0.19047871923935175,0.17540840950993075,0.167054674418663,0.4160158000164747,0.41716356946812616,0.4205643525902554,0.42291640130332375,0.6476338899636578,0.6472360881414313,0.6507227071021466
46,South Dakota,SD,Rate,Low,1.0,0.9679258415013389,0.9529216546863137,0.9470091207662832,0.8955196707589232,0.8209748962750394,0.8062801483553066,0.8095212807606482,0.8245915904900692,0.832945325581337,0.5839841999835254,0.5828364305318738,0.5794356474097446,0.5770835986966762,0.3523661100363422,0.3527639118585687,0.34927729289785336
46,South Dakota,SD,Count,High,0.0,1672.394735357941,2934.8169685098883,3322.8990641086766,6612.664517996989,10930.019657720019,11049.199178258375,11076.337523768305,10342.079824705517,9676.642015701054,20435.944144209287,20254.12562481646,21913.926156067846,25926.044149097655,37529.736289504006,29458.950551757247,42539.695531388636
46,South Dakota,SD,Count,Low,5793.500000000001,50469.105264642065,59404.18303149011,59384.10093589132,56678.335482003014,50122.98034227998,45987.80082174162,47073.66247623169,48617.92017529449,48248.35798429895,28687.055855790717,28297.87437518354,30192.073843932154,35376.95585090234,20419.263710495994,16056.049448242755,22833.304468611368
46,South Dakota,SD,Count,Total,5793.500000000001,52141.50000000001,62339.0,62707.0,63291.0,61053.0,57037.0,58150.0,58960.0,57925.0,49123.0,48552.0,52106.0,61303.0,57949.0,45515.0,65373.0
47,Tennessee,TN,Rate,High,0.0,0.03311526248166725,0.048677052688244946,0.0549415445974816,0.11223918705932638,0.19751628926753204,0.20299601226021685,0.20203948577174843,0.18899879781348877,0.18047019350522106,0.457952491251629,0.461812459853802,0.46525327947959055,0.4671410419051232,0.6695197146226365,0.6706330302187696,0.6718725192151815
47,Tennessee,TN,Rate,Low,1.0,0.9668847375183327,0.951322947311755,0.9450584554025184,0.8877608129406737,0.8024837107324679,0.7970039877397832,0.7979605142282515,0.8110012021865112,0.8195298064947789,0.5420475087483709,0.538187540146198,0.5347467205204095,0.5328589580948768,0.3304802853773635,0.32936696978123037,0.32812748078481846
47,Tennessee,TN,Count,High,0.0,12260.661011737444,21071.858015267044,24269.658144313133,51279.83978366504,91322.24889171124,98026.97731647098,101904.06971509715,86974.22277300252,81567.11335855477,193346.16794896402,209877.13775499826,208236.6670696367,212821.51729426172,275760.4410193423,221722.68055183897,335600.9952205024
47,Tennessee,TN,Count,Low,41138.0,357981.33898826246,411819.14198473294,417466.34185568686,405600.160216335,371030.75110828876,384874.02268352907,402472.9302849028,373209.7772269975,370402.8866414452,228850.83205103595,244586.8622450017,239340.33293036334,242761.48270573828,136117.55898065772,108894.31944816104,163900.0047794976
47,Tennessee,TN,Count,Total,41138.0,370241.99999999994,432891.0,441736.0,456880.0,462353.0,482901.0,504377.0,460184.0,451970.0,422197.0,454464.0,447577.0,455583.0,411878.0,330617.0,499501.0
48,Texas,TX,Rate,High,0.0,0.03164064868145761,0.046433778615374476,0.05237249595861059,0.10176762598458673,0.17736991256871124,0.18390695609092872,0.1820953489354214,0.16657362637763007,0.1540120021795483,0.3737544691305565,0.3749980237944289,0.3777066714231513,0.3806534658071417,0.5967348399162071,0.598283074760223,0.6012874671565988
48,Texas,TX,Rate,Low,1.0,0.9683593513185423,0.9535662213846255,0.9476275040413894,0.8982323740154132,0.8226300874312887,0.8160930439090712,0.8179046510645787,0.8334263736223699,0.8459879978204516,0.6262455308694435,0.6250019762055711,0.6222933285768487,0.6193465341928583,0.4032651600837929,0.401716925239777,0.39871253284340125
48,Texas,TX,Count,High,0.0,55156.06737533322,97895.59251433617,113033.62024511877,224412.77867228544,375778.5573167601,395160.1409247542,410194.5384444919,364384.305188978,326567.51145752077,706131.7022470764,693769.5938971688,637041.2051423013,629133.3899890012,850075.0357935934,663792.6783141684,994543.3002887589
48,Texas,TX,Count,Low,193689.19999999998,1688046.7326246668,2010388.407485664,2045229.3797548811,1980736.2213277144,1742836.4426832397,1753535.8590752457,1842441.4615555082,1823142.6948110221,1793835.4885424792,1183161.2977529233,1156292.4061028312,1049561.7948576987,1023638.6100109989,574468.9642064066,445703.3216858316,659479.6997112411
48,Texas,TX,Count,Total,193689.19999999998,1743202.8,2108284.0,2158263.0,2205149.0,2118615.0,2148696.0,2252636.0,2187527.0,2120403.0,1889293.0,1850062.0,1686603.0,1652772.0,1424544.0,1109496.0,1654023.0
49,Utah,UT,Rate,High,0.0,0.02728681232607339,0.04012193457544987,0.045237698829768073,0.083183389487691,0.1486853591629098,0.17112242408620584,0.16473998173564877,0.1440221825861877,0.13112382809510098,0.3169365626878382,0.31796162079898516,0.319842962892988,0.32291495578041807,0.5190803932738934,0.5224207673188339,0.5240690033588493
49,Utah,UT,Rate,Low,1.0,0.9727131876739266,0.9598780654245501,0.954762301170232,0.916816610512309,0.8513146408370902,0.8288775759137942,0.8352600182643513,0.8559778174138123,0.868876171904899,0.6830634373121618,0.6820383792010148,0.680157037107012,0.6770850442195819,0.48091960672610656,0.4775792326811661,0.4759309966411507
49,Utah,UT,Count,High,0.0,5680.172931263231,10233.380267010518,12294.882738749686,23515.029190885878,43440.06321839489,45033.261612222275,40472.82449286898,32563.12743837187,31304.633843252504,65960.20355346751,56216.250480502174,48924.13913300013,50390.55593457846,73378.24255398412,58691.36110443439,85648.07314993338
49,Utah,UT,Count,Low,23129.499999999996,202485.32706873675,244823.6197329895,259489.11726125033,259173.9708091141,248720.9367816051,218130.73838777773,205204.17550713103,193534.87256162814,207436.36615674748,142157.79644653248,120585.74951949783,104038.86086699988,105658.44406542154,67983.75744601588,53653.63889556561,77780.92685006662
49,Utah,UT,Count,Total,23129.499999999996,208165.5,255057.0,271784.0,282689.0,292161.0,263164.0,245677.0,226098.0,238741.0,208118.0,176802.0,152963.0,156049.0,141362.0,112345.0,163429.0
5,Arkansas,AR,Rate,High,0.0,0.03459217676744397,0.05081631768034162,0.0572552298783348,0.11566442753923852,0.20177374644134988,0.207351434329311,0.2024832704316645,0.19053838697812928,0.18399534827986183,0.46458112989846206,0.46820195384308444,0.47235805125688174,0.47561776173232845,0.6763665447046888,0.6771135213264574,0.6778412467939139
5,Arkansas,AR,Rate,Low,1.0,0.965407823232556,0.9491836823196583,0.9427447701216652,0.8843355724607614,0.7982262535586502,0.792648565670689,0.7975167295683355,0.8094616130218707,0.8160046517201381,0.5354188701015379,0.5317980461569156,0.5276419487431183,0.5243822382676715,0.3236334552953112,0.3228864786735426,0.3221587532060861
5,Arkansas,AR,Count,High,0.0,5629.897524207567,9946.88765538543,11438.621590783361,24249.97254902167,41376.12799275609,40515.22615934139,41503.40090691914,36856.2212699535,35719.752942962696,82701.01609548503,86066.75596325115,86093.8678542843,91949.75502242586,118826.78003989856,97812.4337232134,156686.39340264717
5,Arkansas,AR,Count,Low,18083.4,157120.70247579244,185795.11234461455,188344.37840921665,185408.02745097832,163685.87200724392,154878.7738406586,163468.59909308088,156575.7787300465,158414.2470570373,95310.98390451496,97757.24403674886,96170.13214571572,101377.24497757413,56857.21996010145,46642.566276786594,74468.60659735283
5,Arkansas,AR,Count,Total,18083.4,162750.6,195742.0,199783.0,209658.0,205062.0,195394.0,204972.0,193432.0,194134.0,178012.0,183824.0,182264.0,193327.0,175684.0,144455.0,231155.0
50,Vermont,VT,Rate,High,0.0,0.025451357191191223,0.03741739160485512,0.04223519906481719,0.08584405030252938,0.1495684856243262,0.16388350769028026,0.16905781212985144,0.15974523624929984,0.15107870273213989,0.38576160183642766,0.3878349611298067,0.38956883841552103,0.3911846048540316,0.6177217939510856,0.6190426218913666,0.6166944593658602
50,Vermont,VT,Rate,Low,1.0,0.9745486428088088,0.9625826083951449,0.9577648009351828,0.9141559496974706,0.8504315143756738,0.8361164923097197,0.8309421878701486,0.8402547637507002,0.8489212972678601,0.6142383981635724,0.6121650388701934,0.610431161584479,0.6088153951459684,0.3822782060489144,0.3809573781086334,0.3833055406341398
50,Vermont,VT,Count,High,0.0,626.4393448182277,1184.1856095104547,1417.0753990227463,3590.684936054199,6547.360458204879,6019.9328879870645,6839.910020961659,6490.768439281551,6071.097669291042,13999.28853064396,15543.261737199264,16819.245029751706,19027.2191801001,28765.450778920203,24126.567145594123,35510.50035920496
50,Vermont,VT,Count,Low,2734.8,23986.76065518177,30463.814390489544,32134.924600977254,38237.3150639458,37227.63954179512,30713.067112012934,33619.08997903834,34141.23156071845,34113.90233070896,22290.711469356043,24533.73826280074,26354.754970248294,29612.7808198999,17801.549221079797,14847.432854405877,22071.49964079504
50,Vermont,VT,Count,Total,2734.8,24613.199999999997,31648.0,33552.0,41828.0,43775.0,36733.0,40459.0,40632.0,40185.0,36290.0,40077.0,43174.0,48640.0,46567.0,38974.0,57582.0
51,Virginia,VA,Rate,High,0.0,0.030435931234583498,0.04452638749867066,0.05009888836232498,0.09761151043736613,0.17087760836698276,0.18011641415659677,0.1851896720013291,0.1724394224430878,0.15942117063490732,0.39666480888750694,0.40129553362925785,0.40692771777670517,0.4124662604162025,0.6259924247881246,0.6271002392321956,0.6269670096603726
51,Virginia,VA,Rate,Low,1.0,0.9695640687654165,0.9554736125013293,0.949901111637675,0.9023884895626338,0.8291223916330173,0.8198835858434033,0.8148103279986709,0.8275605775569121,0.8405788293650927,0.6033351911124931,0.5987044663707421,0.5930722822232948,0.5875337395837975,0.37400757521187544,0.3728997607678044,0.37303299033962745
51,Virginia,VA,Count,High,0.0,13311.197135748822,23288.013084004735,26722.89734912923,55508.151971354375,97763.18080935164,102453.63858414121,111570.85131129675,103276.21181365704,93525.06743765093,208388.25401386066,220673.61782932977,223367.91434796457,227947.41648771224,303601.3180828421,245746.1604495951,389979.7496788483
51,Virginia,VA,Count,Low,48594.6,424040.20286425116,499727.98691599525,506680.10265087074,513155.8480286456,474360.8191906484,466365.3614158588,490897.14868870325,495636.7881863429,493128.9325623491,316962.74598613934,329229.3821706702,325545.0856520354,324697.58351228776,181390.6819171579,146130.8395504049,232030.25032115166
51,Virginia,VA,Count,Total,48594.6,437351.4,523016.0,533403.0,568664.0,572124.0,568819.0,602468.0,598913.0,586654.0,525351.0,549903.0,548913.0,552645.0,484992.0,391877.0,622010.0
53,Washington,WA,Rate,High,0.0,0.027443643322949803,0.040488434930170125,0.04566404004179616,0.08850708788336273,0.15609219047567063,0.163124933680883,0.1678392958042012,0.15439343068306766,0.14075904580332974,0.34754252217584225,0.34839461633076124,0.3518343901290248,0.35695006147096725,0.5668362014938173,0.5694862498973363,0.5672520691317884
53,Washington,WA,Rate,Low,1.0,0.9725563566770502,0.9595115650698298,0.9543359599582039,0.9114929121166373,0.8439078095243293,0.836875066319117,0.8321607041957988,0.8456065693169323,0.8592409541966702,0.6524574778241577,0.6516053836692388,0.6481656098709752,0.6430499385290327,0.4331637985061827,0.4305137501026637,0.4327479308682116
53,Washington,WA,Count,High,0.0,10401.533263497491,18696.74948205396,21552.878931247287,41542.30631855031,74867.1216866078,90844.11244195006,105185.22235908451,90602.07935402186,76830.36921178567,161359.47499345528,163438.8824130867,158128.09646519876,168524.33387185747,248440.90609753117,206237.73694157065,304794.7472817543
53,Washington,WA,Count,Low,42112.700000000004,368612.76673650247,443083.250517946,450435.1210687527,427824.6936814497,404766.87831339217,466054.88755804993,521516.7776409155,496223.9206459781,468998.63078821433,302927.5250065447,305681.1175869133,291310.9035348012,303598.6661281425,189853.09390246883,155909.26305842935,232523.25271824573
53,Washington,WA,Count,Total,42112.700000000004,379014.29999999993,461780.0,471988.0,469367.0,479634.0,556899.0,626702.0,586826.0,545829.0,464287.0,469120.0,449439.0,472123.0,438294.0,362147.0,537318.0
54,West Virginia,WV,Rate,High,0.0,0.035852016241126425,0.05271686542205557,0.05947032443215134,0.12474933702930319,0.22003713040738224,0.22621291399196924,0.2224316734092221,0.21348251691123216,0.2098158329202061,0.5385408999898884,0.5391658835728478,0.5394351693785031,0.5412339131405438,0.6870003885029007,0.6873486171434126,0.6878508558435108
54,West Virginia,WV,Rate,Low,1.0,0.9641479837588736,0.9472831345779444,0.9405296755678486,0.8752506629706969,0.7799628695926177,0.7737870860080307,0.7775683265907779,0.7865174830887678,0.7901841670797939,0.4614591000101116,0.4608341164271522,0.4605648306214969,0.4587660868594562,0.3129996114970993,0.31265138285658745,0.3121491441564892
54,West Virginia,WV,Count,High,0.0,2820.0873307123866,5065.30001407821,6102.666282254074,13696.978208469372,24560.544496072005,23584.958412802713,24426.111783760316,21581.16111707337,22894.05460908829,57678.26892981704,62089.26482048201,61773.41842137928,65392.42261955365,82143.26245251483,71849.23829861806,107703.68700797691
54,West Virginia,WV,Count,Low,8739.9,75839.0126692876,91019.69998592179,96514.33371774592,96099.02179153063,87059.455503928,80675.04158719728,85387.88821623969,79509.83888292662,86220.94539091171,49422.73107018296,53068.73517951799,52741.58157862072,55428.57738044635,37424.73754748517,32681.761701381944,48876.31299202308
54,West Virginia,WV,Count,Total,8739.9,78659.09999999998,96085.0,102617.0,109796.0,111620.0,104260.0,109814.0,101091.0,109115.0,107101.0,115158.0,114515.0,120821.0,119568.0,104531.0,156580.0
55,Wisconsin,WI,Rate,High,0.0,0.033366891181743796,0.04895700695132572,0.05521608216127872,0.10367545266714653,0.17436480154263542,0.1906099986219016,0.19255185424738247,0.176329750257675,0.16590787184224123,0.40841932200983605,0.41058025463902575,0.4133170783317775,0.41607077496384154,0.6395465316888022,0.6381509202551814,0.6385238655769521
55,Wisconsin,WI,Rate,Low,1.0,0.9666331088182563,0.9510429930486742,0.9447839178387213,0.8963245473328535,0.8256351984573645,0.8093900013780984,0.8074481457526175,0.823670249742325,0.8340921281577588,0.591580677990164,0.5894197453609742,0.5866829216682226,0.5839292250361585,0.36045346831119784,0.3618490797448186,0.36147613442304793
55,Wisconsin,WI,Count,High,0.0,9320.593935278293,16769.39046205845,19938.858564930713,40476.97023030735,69239.39086857281,69880.67525476708,71865.55090518782,65460.48015590901,62726.11637037088,137130.05471937853,144936.47220859464,158550.08451638318,173958.77494160717,240943.39989497102,193669.87018456397,287064.3668667582
55,Wisconsin,WI,Count,Low,31037.4,270016.0060647217,325763.6095379415,341167.14143506926,349943.0297696927,327855.6091314272,296735.3247452329,301361.44909481215,305778.519844091,315351.88362962916,198627.9452806215,208067.52779140533,225053.91548361685,244140.22505839283,135797.60010502898,109816.12981543603,162510.63313324176
55,Wisconsin,WI,Count,Total,31037.4,279336.6,342533.0,361106.0,390420.0,397095.0,366616.0,373227.0,371239.0,378078.0,335758.0,353004.0,383604.0,418099.0,376741.0,303486.0,449575.0
56,Wyoming,WY,Rate,High,0.0,0.03002274227479898,0.044211570222780744,0.04979946205823965,0.09874859147041402,0.16749730022165324,0.1774149664076115,0.17495468887598056,0.16665905598568936,0.16162909957384464,0.40307869664928614,0.4050058339821183,0.40661441066817133,0.4084587763923272,0.637304244161356,0.6383644899792371,0.6412215604199017
56,Wyoming,WY,Rate,Low,1.0,0.969977257725201,0.9557884297772192,0.9502005379417604,0.901251408529586,0.8325026997783468,0.8225850335923885,0.8250453111240195,0.8333409440143107,0.8383709004261554,0.5969213033507139,0.5949941660178817,0.5933855893318287,0.5915412236076728,0.362695755838644,0.3616355100207629,0.35877843958009825
56,Wyoming,WY,Count,High,0.0,831.8251088367178,1575.4793048887918,1903.0864425556283,3984.4069172397353,6365.567397623709,6202.249810643691,6622.734792711368,6502.703046449627,6359.296922732918,13540.62265653947,13303.22662881064,13197.077312646168,15983.808837784547,24585.923131256794,19441.390542317666,27464.801875905232
56,Wyoming,WY,Count,Low,3078.4999999999995,26874.67489116328,34059.520695111205,36311.91355744437,36364.593082760264,31638.43260237629,28756.750189356313,31231.265207288634,32515.296953550376,32985.703077267084,20052.377343460532,19543.77337118936,19258.922687353832,23148.19116221545,13992.076868743208,11013.609457682334,15367.198124094768
56,Wyoming,WY,Count,Total,3078.4999999999995,27706.499999999996,35635.0,38215.0,40349.0,38004.0,34959.0,37854.0,39018.0,39345.0,33593.0,32847.0,32456.0,39132.0,38578.0,30455.0,42832.0
6,California,CA,Rate,High,0.0,0.025060195796389344,0.03690878287905394,0.04169150076617895,0.08683348614860197,0.15738833564559224,0.16611638016173377,0.1727507567283537,0.16002098977456927,0.14344812800173865,0.3514049083701694,0.3508325860790597,0.35132043704171856,0.35245054815871185,0.561902243153283,0.5627006028372701,0.5612506960737775
6,California,CA,Rate,Low,1.0,0.9749398042036107,0.963091217120946,0.958308499233821,0.913166513851398,0.8426116643544077,0.8338836198382662,0.8272492432716463,0.8399790102254308,0.8565518719982613,0.6485950916298306,0.6491674139209402,0.6486795629582814,0.6475494518412881,0.43809775684671703,0.4372993971627299,0.43874930392622247
6,California,CA,Count,High,0.0,47313.92532573685,86149.8604727033,101927.83967966273,226499.85177597316,397074.7172235934,447391.27970678784,514541.0656782658,448209.0310781923,379968.41386169335,843313.7982785255,858667.3152521177,828483.8546317806,817025.4843020584,1140141.7940262477,918271.113770141,1487852.022762349
6,California,CA,Count,Low,209779.00000000003,1840697.0746742634,2247979.1395272966,2342883.160320337,2381939.148224027,2125823.2827764065,2245848.720293212,2463975.934321734,2352729.9689218076,2268852.5861383067,1556521.2017214745,1588845.6847478822,1529716.1453682194,1501102.5156979414,888933.2059737524,713628.886229859,1163105.977237651
6,California,CA,Count,Total,209779.00000000003,1888011.0000000002,2334129.0,2444811.0,2608439.0,2522898.0,2693240.0,2978517.0,2800939.0,2648821.0,2399835.0,2447513.0,2358200.0,2318128.0,2029075.0,1631900.0,2650958.0
8,Colorado,CO,Rate,High,0.0,0.02354171764583192,0.034592603630351854,0.03891485037379151,0.08046305601658164,0.1454861281925997,0.15294990528644314,0.15755678358907158,0.14435815663392684,0.1315339824363706,0.32763982341613684,0.328150335718201,0.33085523988879295,0.33462109326445505,0.5365729367074633,0.536576259296828,0.5361604823776691
8,Colorado,CO,Rate,Low,1.0,0.9764582823541681,0.9654073963696481,0.9610851496262085,0.9195369439834183,0.8545138718074003,0.8470500947135569,0.8424432164109285,0.8556418433660732,0.8684660175636294,0.6723601765838632,0.671849664281799,0.669144760111207,0.6653789067355449,0.4634270632925367,0.46342374070317205,0.4638395176223309
8,Colorado,CO,Count,High,0.0,6546.082987924727,11498.996557972521,13565.210947248863,30467.416623734654,56245.66458990001,68104.76907642097,75442.59957238796,64763.688526991864,54685.77933385082,117421.85339463904,116782.14147539338,108926.80891810752,116246.3639367919,169965.91657732948,138587.9894037033,197291.5088609933
8,Colorado,CO,Count,Low,30895.899999999998,271517.0170120753,320913.0034420275,335021.78905275115,348183.58337626536,330359.3354101,377170.230923579,403385.40042761207,383868.3114730081,361068.22066614917,240965.14660536096,239097.85852460665,220301.19108189247,231150.63606320808,146796.08342267052,119694.01059629668,170679.4911390067
8,Colorado,CO,Count,Total,30895.899999999998,278063.10000000003,332412.0,348587.0,378651.0,386605.0,445275.0,478828.0,448632.0,415754.0,358387.0,355880.0,329228.0,347397.0,316762.0,258282.0,367971.0
